cif_id,solvent_classification_logits,solvent_classification_labels
48_1846102_3,"[-0.0081787109375, 0.55419921875, -0.0035800933837890625, 0.1668701171875, 0.71484375]","[0.0, 0.5442359447479248, 0.0, 0.1666666716337204, 0.7072879076004028]"
163_2090890_m1-ta,"[0.1978759765625, 0.63427734375, 0.0031185150146484375, 0.162109375, 0.306640625]","[0.20408163964748383, 0.6380696892738342, 0.0, 0.1666666716337204, 0.280764639377594]"
102_1970871_83dmsosolvent,"[0.08935546875, 0.96923828125, -0.00408172607421875, 0.346923828125, 0.9228515625]","[0.08163265138864517, 0.9731903672218323, 0.0, 0.3333333432674408, 0.9223417043685913]"
23_1424089_1_2d1,"[-0.005405426025390625, 0.5537109375, -0.0062255859375, 0.164794921875, 0.70947265625]","[0.0, 0.5442359447479248, 0.0, 0.1666666716337204, 0.7072879076004028]"
2_g4fbs0516,"[0.098388671875, 0.54736328125, 0.50244140625, 0.1676025390625, 0.1806640625]","[0.10204081982374191, 0.5415549874305725, 0.5, 0.1666666716337204, 0.17861409485340118]"
48_1846101_5,"[3.5703182220458984e-05, 0.5478515625, -0.0038013458251953125, 0.167724609375, 0.7236328125]","[0.0, 0.5442359447479248, 0.0, 0.1666666716337204, 0.7072879076004028]"
1_11,"[0.0986328125, 0.55029296875, 0.50146484375, 0.168212890625, 0.181396484375]","[0.10204081982374191, 0.5415549874305725, 0.5, 0.1666666716337204, 0.17861409485340118]"
38_1578415_tpme-3,"[-0.0011701583862304688, 0.556640625, -0.00644683837890625, 0.1661376953125, 0.71875]","[0.0, 0.5442359447479248, 0.0, 0.1666666716337204, 0.7072879076004028]"
231hof-fju-88,"[0.489990234375, 0.0209197998046875, -0.00412750244140625, 0.00033664703369140625, 0.135009765625]","[0.5102040767669678, 0.0, 0.0, 0.0, 0.13560333847999573]"
105_1976117_cpbtq-1mebz,"[0.1759033203125, 0.54296875, 0.5048828125, 0.169921875, 0.26318359375]","[0.18367347121238708, 0.5415549874305725, 0.5, 0.1666666716337204, 0.26105138659477234]"
259-etta_i,"[0.09771728515625, 0.54736328125, 0.50048828125, 0.16748046875, 0.1817626953125]","[0.10204081982374191, 0.5415549874305725, 0.5, 0.1666666716337204, 0.17861409485340118]"
171_2105279_[co2pca4bimb2],"[0.09796142578125, 0.0265655517578125, 0.50732421875, 0.1680908203125, 0.39501953125]","[0.10204081982374191, 0.026809651404619217, 0.5, 0.1666666716337204, 0.3906809985637665]"
281-hof-btb-nh2,"[0.09942626953125, 0.5517578125, 0.5068359375, 0.1639404296875, 0.179931640625]","[0.10204081982374191, 0.5415549874305725, 0.5, 0.1666666716337204, 0.17861409485340118]"
63_1866017_r-sq,"[0.66845703125, -0.0027599334716796875, -0.0036716461181640625, -0.0041351318359375, 0.1734619140625]","[0.6734693646430969, 0.0, 0.0, 0.0, 0.15890084207057953]"
2_g4bbs26,"[0.100341796875, 0.54931640625, 0.50146484375, 0.166748046875, 0.18359375]","[0.10204081982374191, 0.5415549874305725, 0.5, 0.1666666716337204, 0.17861409485340118]"
185_hof-110,"[-0.0096435546875, 0.55615234375, -0.0056610107421875, 0.1707763671875, 0.70361328125]","[0.0, 0.5442359447479248, 0.0, 0.1666666716337204, 0.7072879076004028]"
48_1846104_25,"[-0.005748748779296875, 0.5498046875, 0.0003108978271484375, 0.1666259765625, 0.7158203125]","[0.0, 0.5442359447479248, 0.0, 0.1666666716337204, 0.7072879076004028]"
49_1815225_hof2b,"[0.294677734375, 0.2449951171875, -0.0049591064453125, 0.163330078125, 0.1864013671875]","[0.30612245202064514, 0.24664878845214844, 0.0, 0.1666666716337204, 0.18757466971874237]"
270-fju-56,"[0.109619140625, 0.5390625, 0.498779296875, 0.1673583984375, 0.1993408203125]","[0.10204081982374191, 0.5415549874305725, 0.5, 0.1666666716337204, 0.17861409485340118]"
201-hof-fju-2dmso,"[0.09051513671875, 0.96337890625, 0.0027065277099609375, 0.35107421875, 0.92333984375]","[0.08163265138864517, 0.9731903672218323, 0.0, 0.3333333432674408, 0.9223417043685913]"
187_2d-s,"[0.296875, 0.246337890625, -0.004669189453125, 0.160400390625, 0.1893310546875]","[0.30612245202064514, 0.24664878845214844, 0.0, 0.1666666716337204, 0.18757466971874237]"
190_hof-101-nh2,"[-0.004993438720703125, 0.54931640625, -0.00493621826171875, 0.168212890625, 0.708984375]","[0.0, 0.5442359447479248, 0.0, 0.1666666716337204, 0.7072879076004028]"
23_1424086_1_2d4,"[-0.0029697418212890625, 0.5546875, -0.0018558502197265625, 0.164306640625, 0.7109375]","[0.0, 0.5442359447479248, 0.0, 0.1666666716337204, 0.7072879076004028]"
182_ihof-2,"[0.0018358230590820312, 0.55029296875, -0.0048828125, 0.16650390625, 0.7275390625]","[0.0, 0.5442359447479248, 0.0, 0.1666666716337204, 0.7072879076004028]"
192hof-tripod,"[0.92431640625, -0.007213592529296875, 0.00571441650390625, -0.01136016845703125, 0.82470703125]","[0.8979591727256775, 0.0, 0.0, 0.0, 0.7891278266906738]"
272-hof-215,"[0.08892822265625, 0.54248046875, 0.50244140625, 0.1671142578125, 0.17431640625]","[0.10204081982374191, 0.5415549874305725, 0.5, 0.1666666716337204, 0.17861409485340118]"
157_1979289_hof-16-methanol,"[0.08734130859375, 0.544921875, 0.499755859375, 0.1669921875, 0.1790771484375]","[0.10204081982374191, 0.5415549874305725, 0.5, 0.1666666716337204, 0.17861409485340118]"
108_1950449_zrt-1-,"[0.0307464599609375, 0.5546875, -0.0042877197265625, 0.1668701171875, 0.7802734375]","[0.040816325694322586, 0.5442359447479248, 0.0, 0.1666666716337204, 0.7855436205863953]"
194-aniline_fju-360,"[0.092041015625, 0.54833984375, 0.50390625, 0.1656494140625, 0.175048828125]","[0.10204081982374191, 0.5415549874305725, 0.5, 0.1666666716337204, 0.17861409485340118]"
3_822582_25dmf3meohsof-1,"[-0.008270263671875, 0.5517578125, -0.00656890869140625, 0.16845703125, 0.70751953125]","[0.0, 0.5442359447479248, 0.0, 0.1666666716337204, 0.7072879076004028]"
191-demsoh,"[-0.0013990402221679688, 0.55517578125, 0.0001888275146484375, 0.164794921875, 0.71240234375]","[0.0, 0.5442359447479248, 0.0, 0.1666666716337204, 0.7072879076004028]"
196-1,"[0.180419921875, 0.5439453125, 0.50390625, 0.164306640625, 0.25927734375]","[0.18367347121238708, 0.5415549874305725, 0.5, 0.1666666716337204, 0.26105138659477234]"
2_g4as3,"[0.09832763671875, 0.54833984375, 0.5009765625, 0.167236328125, 0.181884765625]","[0.10204081982374191, 0.5415549874305725, 0.5, 0.1666666716337204, 0.17861409485340118]"
292-hiam-103,"[0.1614990234375, 0.9951171875, 0.51220703125, 0.33349609375, 0.41357421875]","[0.16326530277729034, 1.0, 0.5, 0.3333333432674408, 0.39426523447036743]"
5-7,"[-0.004825592041015625, 0.55126953125, -0.0005741119384765625, 0.1651611328125, 0.71240234375]","[0.0, 0.5442359447479248, 0.0, 0.1666666716337204, 0.7072879076004028]"
304-hof-sxu-1,"[0.0966796875, 0.0265655517578125, 0.50927734375, 0.1705322265625, 0.39794921875]","[0.10204081982374191, 0.026809651404619217, 0.5, 0.1666666716337204, 0.3906809985637665]"
2252212797hof-fju-36,"[0.0985107421875, 0.54541015625, 0.5029296875, 0.1695556640625, 0.182861328125]","[0.10204081982374191, 0.5415549874305725, 0.5, 0.1666666716337204, 0.17861409485340118]"
51_1819783_tcf-3,"[0.30029296875, 0.2431640625, -0.0088348388671875, 0.1630859375, 0.187255859375]","[0.30612245202064514, 0.24664878845214844, 0.0, 0.1666666716337204, 0.18757466971874237]"
53_1576297_1,"[-0.00909423828125, 0.55224609375, -0.0038318634033203125, 0.1700439453125, 0.71240234375]","[0.0, 0.5442359447479248, 0.0, 0.1666666716337204, 0.7072879076004028]"
275-cagehof-2_deso,"[0.197021484375, 0.96142578125, -0.0009555816650390625, 0.3349609375, 0.33447265625]","[0.20408163964748383, 0.9731903672218323, 0.0, 0.3333333432674408, 0.321983277797699]"
2_g4fbs0514,"[0.09735107421875, 0.5498046875, 0.501953125, 0.1663818359375, 0.179931640625]","[0.10204081982374191, 0.5415549874305725, 0.5, 0.1666666716337204, 0.17861409485340118]"
33_1052040_hof-5,"[-0.0038318634033203125, 0.5498046875, -0.0036182403564453125, 0.1673583984375, 0.70849609375]","[0.0, 0.5442359447479248, 0.0, 0.1666666716337204, 0.7072879076004028]"
218-hof-tcpb-373,"[-0.0002770423889160156, 0.5517578125, -0.0023059844970703125, 0.168701171875, 0.70703125]","[0.0, 0.5442359447479248, 0.0, 0.1666666716337204, 0.7072879076004028]"
293-bnh2,"[0.09783935546875, 0.0292205810546875, 0.50341796875, 0.1700439453125, 0.3974609375]","[0.10204081982374191, 0.026809651404619217, 0.5, 0.1666666716337204, 0.3906809985637665]"
162_2076400_pyfa_298k,"[0.1966552734375, 0.6357421875, -0.00429534912109375, 0.154541015625, 0.301513671875]","[0.20408163964748383, 0.6380696892738342, 0.0, 0.1666666716337204, 0.280764639377594]"
294-2_5,"[0.09857177734375, 0.0283660888671875, 0.50439453125, 0.1671142578125, 0.3955078125]","[0.10204081982374191, 0.026809651404619217, 0.5, 0.1666666716337204, 0.3906809985637665]"
2031d,"[-0.0130157470703125, 0.55322265625, -0.0031528472900390625, 0.166259765625, 0.71484375]","[0.0, 0.5442359447479248, 0.0, 0.1666666716337204, 0.7072879076004028]"
5-1,"[-0.005748748779296875, 0.5556640625, -0.0015811920166015625, 0.1634521484375, 0.7099609375]","[0.0, 0.5442359447479248, 0.0, 0.1666666716337204, 0.7072879076004028]"
102_1970868_262dmso9h2o,"[0.08221435546875, 0.96484375, 0.00417327880859375, 0.347412109375, 0.9169921875]","[0.08163265138864517, 0.9731903672218323, 0.0, 0.3333333432674408, 0.9223417043685913]"
83_1940427_kuf-1,"[0.103759765625, 0.548828125, 0.501953125, 0.170654296875, 0.18310546875]","[0.10204081982374191, 0.5415549874305725, 0.5, 0.1666666716337204, 0.17861409485340118]"
84_1867933_7a,"[0.09869384765625, 0.544921875, 0.501953125, 0.165771484375, 0.1817626953125]","[0.10204081982374191, 0.5415549874305725, 0.5, 0.1666666716337204, 0.17861409485340118]"
48_1550504_16,"[0.0399169921875, 0.55029296875, -0.0027332305908203125, 0.1685791015625, 0.80224609375]","[0.040816325694322586, 0.5442359447479248, 0.0, 0.1666666716337204, 0.7855436205863953]"
57_1851025_tcpp-13-dpp,"[-0.004711151123046875, 0.5517578125, 9.733438491821289e-05, 0.1732177734375, 0.7119140625]","[0.0, 0.5442359447479248, 0.0, 0.1666666716337204, 0.7072879076004028]"
138_1969816_2d-82,"[0.10003662109375, 0.54541015625, 0.50244140625, 0.1656494140625, 0.186279296875]","[0.10204081982374191, 0.5415549874305725, 0.5, 0.1666666716337204, 0.17861409485340118]"
59_1834673_1,"[0.2041015625, 0.638671875, -0.00958251953125, 0.165283203125, 0.291015625]","[0.20408163964748383, 0.6380696892738342, 0.0, 0.1666666716337204, 0.280764639377594]"
139_2052953_phnh2fju-200,"[0.36962890625, 0.69921875, 0.5400390625, 0.162841796875, 0.88525390625]","[0.3877550959587097, 0.697050929069519, 0.5, 0.1666666716337204, 0.8948625922203064]"
172-tpe-aa-2,"[0.175048828125, 0.544921875, 0.50537109375, 0.1671142578125, 0.259765625]","[0.18367347121238708, 0.5415549874305725, 0.5, 0.1666666716337204, 0.26105138659477234]"
53_1576296_2,"[0.17822265625, 0.54296875, 0.4990234375, 0.1663818359375, 0.2568359375]","[0.18367347121238708, 0.5415549874305725, 0.5, 0.1666666716337204, 0.26105138659477234]"
7_907058_sbds_tpma_o_chlorotoluene,"[0.1031494140625, 0.54931640625, 0.5048828125, 0.1661376953125, 0.1856689453125]","[0.10204081982374191, 0.5415549874305725, 0.5, 0.1666666716337204, 0.17861409485340118]"
23_1424087_1_1d,"[-0.006526947021484375, 0.5478515625, 0.0003108978271484375, 0.1640625, 0.701171875]","[0.0, 0.5442359447479248, 0.0, 0.1666666716337204, 0.7072879076004028]"
2_g4bbs1,"[0.0977783203125, 0.54736328125, 0.50244140625, 0.1688232421875, 0.179931640625]","[0.10204081982374191, 0.5415549874305725, 0.5, 0.1666666716337204, 0.17861409485340118]"
20218860151,"[0.177490234375, 0.53759765625, 0.501953125, 0.1629638671875, 0.25830078125]","[0.18367347121238708, 0.5415549874305725, 0.5, 0.1666666716337204, 0.26105138659477234]"
48_1846103_2,"[-0.005542755126953125, 0.552734375, -0.00421142578125, 0.1666259765625, 0.7158203125]","[0.0, 0.5442359447479248, 0.0, 0.1666666716337204, 0.7072879076004028]"
5-9,"[-0.007434844970703125, 0.5498046875, -0.0030002593994140625, 0.1650390625, 0.71142578125]","[0.0, 0.5442359447479248, 0.0, 0.1666666716337204, 0.7072879076004028]"
2_g4ebs3,"[0.09814453125, 0.5478515625, 0.50146484375, 0.1668701171875, 0.1817626953125]","[0.10204081982374191, 0.5415549874305725, 0.5, 0.1666666716337204, 0.17861409485340118]"
293-cphenyl,"[0.10015869140625, 0.0258636474609375, 0.50537109375, 0.167236328125, 0.399169921875]","[0.10204081982374191, 0.026809651404619217, 0.5, 0.1666666716337204, 0.3906809985637665]"
301-x-hof-4,"[0.65087890625, -0.0026950836181640625, -0.00699615478515625, -0.00469207763671875, 0.31884765625]","[0.6326530575752258, 0.0, 0.0, 0.0, 0.2718040645122528]"
218-hof-tcpb-333,"[-0.004901885986328125, 0.55517578125, -0.0036869049072265625, 0.16748046875, 0.71240234375]","[0.0, 0.5442359447479248, 0.0, 0.1666666716337204, 0.7072879076004028]"
45_1555041_1a,"[0.654296875, 0.0129547119140625, -0.00894927978515625, -0.0039520263671875, 0.15283203125]","[0.6734693646430969, 0.0, 0.0, 0.0, 0.15890084207057953]"
6_880741_1-pys-tpmatmbd-pos2,"[0.1796875, 0.5400390625, 0.5009765625, 0.1651611328125, 0.263671875]","[0.18367347121238708, 0.5415549874305725, 0.5, 0.1666666716337204, 0.26105138659477234]"
111_1850974_1-298,"[0.08929443359375, 0.9658203125, -0.0016117095947265625, 0.356201171875, 0.92138671875]","[0.08163265138864517, 0.9731903672218323, 0.0, 0.3333333432674408, 0.9223417043685913]"
72_1883913_pfc-5,"[0.1092529296875, 0.5458984375, 0.498779296875, 0.1668701171875, 0.189453125]","[0.10204081982374191, 0.5415549874305725, 0.5, 0.1666666716337204, 0.17861409485340118]"
301-pttcn-1,"[0.49853515625, 0.01190185546875, -0.00428009033203125, -0.00739288330078125, 0.149169921875]","[0.5102040767669678, 0.0, 0.0, 0.0, 0.13560333847999573]"
259-etta_cl2br2,"[0.10113525390625, 0.55224609375, 0.501953125, 0.167236328125, 0.1785888671875]","[0.10204081982374191, 0.5415549874305725, 0.5, 0.1666666716337204, 0.17861409485340118]"
49_1815223_hof1b,"[0.30126953125, 0.24658203125, -0.01042938232421875, 0.1661376953125, 0.1844482421875]","[0.30612245202064514, 0.24664878845214844, 0.0, 0.1666666716337204, 0.18757466971874237]"
219tri-pmdi-br,"[0.310791015625, 0.2327880859375, -0.00872039794921875, 0.16259765625, 0.1767578125]","[0.30612245202064514, 0.24664878845214844, 0.0, 0.1666666716337204, 0.18757466971874237]"
314-4-br,"[0.5009765625, 0.01129150390625, -0.00467681884765625, -0.005218505859375, 0.1361083984375]","[0.5102040767669678, 0.0, 0.0, 0.0, 0.13560333847999573]"
37_1541090-vi,"[0.0931396484375, 0.0299530029296875, 0.505859375, 0.1708984375, 0.395751953125]","[0.10204081982374191, 0.026809651404619217, 0.5, 0.1666666716337204, 0.3906809985637665]"
70_1898280_hof1h2o,"[0.25048828125, 0.1854248046875, -0.00659942626953125, 0.1842041015625, 0.199951171875]","[0.30612245202064514, 0.24664878845214844, 0.0, 0.1666666716337204, 0.18757466971874237]"
2_g4nbs055,"[0.1025390625, 0.544921875, 0.50244140625, 0.1678466796875, 0.188232421875]","[0.10204081982374191, 0.5415549874305725, 0.5, 0.1666666716337204, 0.17861409485340118]"
195,"[-0.004901885986328125, 0.5517578125, -0.00484466552734375, 0.165283203125, 0.7158203125]","[0.0, 0.5442359447479248, 0.0, 0.1666666716337204, 0.7072879076004028]"
2_g4ipbs0678,"[0.101806640625, 0.5478515625, 0.50146484375, 0.1669921875, 0.1864013671875]","[0.10204081982374191, 0.5415549874305725, 0.5, 0.1666666716337204, 0.17861409485340118]"
5-4,"[-0.005359649658203125, 0.55419921875, -0.0031375885009765625, 0.163818359375, 0.71240234375]","[0.0, 0.5442359447479248, 0.0, 0.1666666716337204, 0.7072879076004028]"
56_1833799_2dy4cu4,"[0.09173583984375, 0.5439453125, 0.4951171875, 0.169189453125, 0.1781005859375]","[0.10204081982374191, 0.5415549874305725, 0.5, 0.1666666716337204, 0.17861409485340118]"
297_sof-8,"[-0.0038776397705078125, 0.548828125, -0.0036716461181640625, 0.169921875, 0.71240234375]","[0.0, 0.5442359447479248, 0.0, 0.1666666716337204, 0.7072879076004028]"
75_1889095_16br,"[-0.0089263916015625, 0.5498046875, -0.0064849853515625, 0.1646728515625, 0.705078125]","[0.0, 0.5442359447479248, 0.0, 0.1666666716337204, 0.7072879076004028]"
254-auto,"[0.189208984375, 0.63134765625, -0.00537872314453125, 0.1546630859375, 0.298828125]","[0.20408163964748383, 0.6380696892738342, 0.0, 0.1666666716337204, 0.280764639377594]"
1_7,"[0.09893798828125, 0.5498046875, 0.5009765625, 0.1680908203125, 0.18212890625]","[0.10204081982374191, 0.5415549874305725, 0.5, 0.1666666716337204, 0.17861409485340118]"
84_1867934_8,"[0.10235595703125, 0.5458984375, 0.501953125, 0.167236328125, 0.1890869140625]","[0.10204081982374191, 0.5415549874305725, 0.5, 0.1666666716337204, 0.17861409485340118]"
55_1837144_1-15min,"[0.7197265625, -0.0179443359375, 0.00550079345703125, 1.01171875, 0.2841796875]","[0.7142857313156128, 0.0, 0.0, 1.0, 0.27419355511665344]"
190_hof-101-ch3,"[-0.0021152496337890625, 0.54443359375, -0.00482940673828125, 0.16455078125, 0.70166015625]","[0.0, 0.5442359447479248, 0.0, 0.1666666716337204, 0.7072879076004028]"
21_1473368_hof-gs-10,"[0.09979248046875, 0.54833984375, 0.5029296875, 0.1676025390625, 0.181396484375]","[0.10204081982374191, 0.5415549874305725, 0.5, 0.1666666716337204, 0.17861409485340118]"
167_pfc-55,"[0.0482177734375, 0.544921875, 0.0006618499755859375, 0.1668701171875, 0.7978515625]","[0.040816325694322586, 0.5442359447479248, 0.0, 0.1666666716337204, 0.7855436205863953]"
297_sof-10,"[-0.0035190582275390625, 0.55029296875, -0.0034275054931640625, 0.1656494140625, 0.7080078125]","[0.0, 0.5442359447479248, 0.0, 0.1666666716337204, 0.7072879076004028]"
55_1837138_1’-0ming,"[0.720703125, -0.030426025390625, -7.051229476928711e-05, 1.0068359375, 0.2890625]","[0.7142857313156128, 0.0, 0.0, 1.0, 0.27419355511665344]"
212-hcof6,"[0.07733154296875, 0.9736328125, 0.00406646728515625, 0.351318359375, 0.9248046875]","[0.08163265138864517, 0.9731903672218323, 0.0, 0.3333333432674408, 0.9223417043685913]"
26_1523339_ortho,"[0.106689453125, 0.030914306640625, 0.5029296875, 0.167724609375, 0.4033203125]","[0.10204081982374191, 0.026809651404619217, 0.5, 0.1666666716337204, 0.3906809985637665]"
250-hof-zstu-2,"[0.09869384765625, 0.55224609375, 0.5009765625, 0.1636962890625, 0.180419921875]","[0.10204081982374191, 0.5415549874305725, 0.5, 0.1666666716337204, 0.17861409485340118]"
196-2,"[0.1761474609375, 0.54541015625, 0.5068359375, 0.171142578125, 0.256103515625]","[0.18367347121238708, 0.5415549874305725, 0.5, 0.1666666716337204, 0.26105138659477234]"
2031dso42]tba4,"[-0.01409912109375, 0.55712890625, -0.0020008087158203125, 0.165771484375, 0.7158203125]","[0.0, 0.5442359447479248, 0.0, 0.1666666716337204, 0.7072879076004028]"
47_1819846_2ace,"[0.09967041015625, 0.0269927978515625, 0.505859375, 0.1695556640625, 0.397216796875]","[0.10204081982374191, 0.026809651404619217, 0.5, 0.1666666716337204, 0.3906809985637665]"
23_1424088_1_2dimp,"[-0.0079193115234375, 0.55322265625, -0.0017108917236328125, 0.16796875, 0.70947265625]","[0.0, 0.5442359447479248, 0.0, 0.1666666716337204, 0.7072879076004028]"
109_1881305_ptocz,"[0.486328125, 0.0025043487548828125, -0.00559234619140625, -0.0009984970092773438, 0.1473388671875]","[0.5102040767669678, 0.0, 0.0, 0.0, 0.13560333847999573]"
258-hof-lifm-7,"[-0.006122589111328125, 0.55078125, -0.0017948150634765625, 0.16748046875, 0.71142578125]","[0.0, 0.5442359447479248, 0.0, 0.1666666716337204, 0.7072879076004028]"
264-cp-py-1-menaph,"[-0.00921630859375, 0.55224609375, -0.00405120849609375, 0.16552734375, 0.7109375]","[0.0, 0.5442359447479248, 0.0, 0.1666666716337204, 0.7072879076004028]"
2_g4fbs20,"[0.1019287109375, 0.5478515625, 0.50048828125, 0.1685791015625, 0.1844482421875]","[0.10204081982374191, 0.5415549874305725, 0.5, 0.1666666716337204, 0.17861409485340118]"
2212235806,"[0.1556396484375, 0.9990234375, 0.51513671875, 0.341552734375, 0.505859375]","[0.16326530277729034, 1.0, 0.5, 0.3333333432674408, 0.4988052546977997]"
305-hof-45,"[0.137451171875, 0.474853515625, -0.0027713775634765625, 0.345947265625, 0.404052734375]","[0.1428571492433548, 0.49597856402397156, 0.0, 0.3333333432674408, 0.39844682812690735]"
76_1893340_1,"[0.159423828125, 0.54052734375, 0.5068359375, 0.1666259765625, 0.2425537109375]","[0.18367347121238708, 0.5415549874305725, 0.5, 0.1666666716337204, 0.26105138659477234]"
54_1857531_pyclose,"[0.32373046875, 0.46533203125, -0.019378662109375, 0.3525390625, 0.3056640625]","[0.30612245202064514, 0.49597856402397156, 0.0, 0.3333333432674408, 0.301075279712677]"
84_1905538_7b,"[0.1004638671875, 0.54736328125, 0.50048828125, 0.1658935546875, 0.1845703125]","[0.10204081982374191, 0.5415549874305725, 0.5, 0.1666666716337204, 0.17861409485340118]"
187_3d-thf,"[0.30224609375, 0.23876953125, -0.00585174560546875, 0.173828125, 0.1898193359375]","[0.30612245202064514, 0.24664878845214844, 0.0, 0.1666666716337204, 0.18757466971874237]"
37_1541097-xiii,"[0.0966796875, 0.0294036865234375, 0.505859375, 0.170166015625, 0.394775390625]","[0.10204081982374191, 0.026809651404619217, 0.5, 0.1666666716337204, 0.3906809985637665]"
48_1846107_19,"[0.10406494140625, 0.54541015625, 0.5048828125, 0.16748046875, 0.190673828125]","[0.10204081982374191, 0.5415549874305725, 0.5, 0.1666666716337204, 0.17861409485340118]"
159_2080627_cp-pp-2tcb,"[-0.004703521728515625, 0.54931640625, -0.0047149658203125, 0.1666259765625, 0.71435546875]","[0.0, 0.5442359447479248, 0.0, 0.1666666716337204, 0.7072879076004028]"
32_1540573_np-cphata,"[-0.0015897750854492188, 0.5576171875, -0.0009708404541015625, 0.1656494140625, 0.7080078125]","[0.0, 0.5442359447479248, 0.0, 0.1666666716337204, 0.7072879076004028]"
27_1528352_hccf-1,"[0.038299560546875, 0.5517578125, -0.0006389617919921875, 0.161865234375, 0.79736328125]","[0.040816325694322586, 0.5442359447479248, 0.0, 0.1666666716337204, 0.7855436205863953]"
152_2077923_pfc-79,"[0.5068359375, -0.0023784637451171875, -0.0034580230712890625, -0.01404571533203125, 0.13623046875]","[0.5102040767669678, 0.0, 0.0, 0.0, 0.13560333847999573]"
55_1837136_2-hfbl,"[0.71875, -0.0178375244140625, 0.0010890960693359375, 1.0126953125, 0.279052734375]","[0.7142857313156128, 0.0, 0.0, 1.0, 0.27419355511665344]"
13-2d1_dma_c2,"[0.70068359375, 0.033203125, 0.0123748779296875, 0.1705322265625, 0.93505859375]","[0.6734693646430969, 0.08579088747501373, 0.0, 0.1666666716337204, 0.9492233991622925]"
2_g4ibs22,"[0.1060791015625, 0.54736328125, 0.50244140625, 0.166259765625, 0.1884765625]","[0.10204081982374191, 0.5415549874305725, 0.5, 0.1666666716337204, 0.17861409485340118]"
15-jesse01_sq,"[0.1939697265625, 0.5517578125, 0.5068359375, 0.1644287109375, 0.26611328125]","[0.18367347121238708, 0.5415549874305725, 0.5, 0.1666666716337204, 0.26105138659477234]"
116_1998745_abtpa-2,"[0.1649169921875, 0.45849609375, -0.00429534912109375, 0.161865234375, 0.12017822265625]","[0.18367347121238708, 0.4584450423717499, 0.0, 0.1666666716337204, 0.12843488156795502]"
19_1035282_t18-2dmf,"[-0.0030841827392578125, 0.5556640625, 0.0010967254638671875, 0.164794921875, 0.71337890625]","[0.0, 0.5442359447479248, 0.0, 0.1666666716337204, 0.7072879076004028]"
59_1834674_2,"[0.19921875, 0.63134765625, -0.007274627685546875, 0.1583251953125, 0.29345703125]","[0.20408163964748383, 0.6380696892738342, 0.0, 0.1666666716337204, 0.280764639377594]"
2272235811,"[0.09600830078125, 0.0261077880859375, 0.5087890625, 0.1695556640625, 0.398681640625]","[0.10204081982374191, 0.026809651404619217, 0.5, 0.1666666716337204, 0.3906809985637665]"
28_1478357_t1toluene3,"[0.75341796875, -0.00597381591796875, -0.00794219970703125, -0.015960693359375, 0.434326171875]","[0.7551020383834839, 0.0, 0.0, 0.0, 0.45400238037109375]"
88_1850834_3,"[0.1861572265625, 0.54541015625, 0.50732421875, 0.169189453125, 0.271484375]","[0.18367347121238708, 0.5415549874305725, 0.5, 0.1666666716337204, 0.26105138659477234]"
28_1520227_t2c3h6o,"[0.177001953125, 0.4677734375, -0.0026302337646484375, 0.1563720703125, 0.14453125]","[0.18367347121238708, 0.4584450423717499, 0.0, 0.1666666716337204, 0.12843488156795502]"
2_g3cbs,"[0.096435546875, 0.54736328125, 0.50048828125, 0.1651611328125, 0.1812744140625]","[0.10204081982374191, 0.5415549874305725, 0.5, 0.1666666716337204, 0.17861409485340118]"
2_g34dmbs,"[0.09808349609375, 0.5498046875, 0.501953125, 0.167236328125, 0.179931640625]","[0.10204081982374191, 0.5415549874305725, 0.5, 0.1666666716337204, 0.17861409485340118]"
25_1499635_x-pyq,"[-0.005359649658203125, 0.55126953125, -0.0036258697509765625, 0.1644287109375, 0.7041015625]","[0.0, 0.5442359447479248, 0.0, 0.1666666716337204, 0.7072879076004028]"
258-hof-lifm-11,"[-0.0006279945373535156, 0.54638671875, -0.0017032623291015625, 0.1707763671875, 0.7197265625]","[0.0, 0.5442359447479248, 0.0, 0.1666666716337204, 0.7072879076004028]"
146_2051621_t12f-1124tcb,"[-0.005344390869140625, 0.55322265625, -0.0038318634033203125, 0.167236328125, 0.712890625]","[0.0, 0.5442359447479248, 0.0, 0.1666666716337204, 0.7072879076004028]"
293-2s4,"[0.0992431640625, 0.0249481201171875, 0.505859375, 0.16650390625, 0.39697265625]","[0.10204081982374191, 0.026809651404619217, 0.5, 0.1666666716337204, 0.3906809985637665]"
259-etta_cl1br3,"[0.1019287109375, 0.54736328125, 0.50048828125, 0.167236328125, 0.1781005859375]","[0.10204081982374191, 0.5415549874305725, 0.5, 0.1666666716337204, 0.17861409485340118]"
1_13,"[0.1002197265625, 0.5498046875, 0.5009765625, 0.16650390625, 0.182861328125]","[0.10204081982374191, 0.5415549874305725, 0.5, 0.1666666716337204, 0.17861409485340118]"
250-hof-zstu-3,"[0.09759521484375, 0.54931640625, 0.505859375, 0.1700439453125, 0.181884765625]","[0.10204081982374191, 0.5415549874305725, 0.5, 0.1666666716337204, 0.17861409485340118]"
210-xhof,"[-0.0088043212890625, 0.54736328125, 3.629922866821289e-05, 0.171630859375, 0.7138671875]","[0.0, 0.5442359447479248, 0.0, 0.1666666716337204, 0.7072879076004028]"
264-cp-py-1-tcb,"[-0.0038852691650390625, 0.55078125, -0.00390625, 0.16943359375, 0.7138671875]","[0.0, 0.5442359447479248, 0.0, 0.1666666716337204, 0.7072879076004028]"
108_1992596_zrt-2-,"[0.0299835205078125, 0.55029296875, -0.0026569366455078125, 0.16455078125, 0.7841796875]","[0.040816325694322586, 0.5442359447479248, 0.0, 0.1666666716337204, 0.7855436205863953]"
73_1908803_p6,"[0.20166015625, 0.63525390625, -0.000965118408203125, 0.1566162109375, 0.29296875]","[0.20408163964748383, 0.6380696892738342, 0.0, 0.1666666716337204, 0.280764639377594]"
36_1566035_l1-h6,"[0.293701171875, 0.2337646484375, -0.0057830810546875, 0.16064453125, 0.1953125]","[0.30612245202064514, 0.24664878845214844, 0.0, 0.1666666716337204, 0.18757466971874237]"
145_2000806_pfc-26,"[-0.006320953369140625, 0.55224609375, -0.0037097930908203125, 0.169189453125, 0.712890625]","[0.0, 0.5442359447479248, 0.0, 0.1666666716337204, 0.7072879076004028]"
2_g4bbs21,"[0.09869384765625, 0.54833984375, 0.50146484375, 0.1671142578125, 0.182861328125]","[0.10204081982374191, 0.5415549874305725, 0.5, 0.1666666716337204, 0.17861409485340118]"
193-dap_anhydrate,"[0.0965576171875, 0.5517578125, 0.501953125, 0.1690673828125, 0.1826171875]","[0.10204081982374191, 0.5415549874305725, 0.5, 0.1666666716337204, 0.17861409485340118]"
187_1d-r,"[0.28759765625, 0.2432861328125, -0.00720977783203125, 0.1605224609375, 0.1878662109375]","[0.30612245202064514, 0.24664878845214844, 0.0, 0.1666666716337204, 0.18757466971874237]"
100_1974318_3,"[0.09698486328125, 0.0255279541015625, 0.50537109375, 0.16552734375, 0.396484375]","[0.10204081982374191, 0.026809651404619217, 0.5, 0.1666666716337204, 0.3906809985637665]"
80_1913385_hof-12,"[0.32373046875, 0.225341796875, -0.00864410400390625, 0.1671142578125, 0.1968994140625]","[0.30612245202064514, 0.24664878845214844, 0.0, 0.1666666716337204, 0.18757466971874237]"
73_1908806_hcof-2,"[0.2008056640625, 0.62548828125, -0.00382232666015625, 0.162353515625, 0.297119140625]","[0.20408163964748383, 0.6380696892738342, 0.0, 0.1666666716337204, 0.280764639377594]"
1882ct-18c6-iii,"[-0.0101470947265625, 0.55322265625, -0.0023975372314453125, 0.1641845703125, 0.70654296875]","[0.0, 0.5442359447479248, 0.0, 0.1666666716337204, 0.7072879076004028]"
171_2105278_[copca2bmimb],"[0.1002197265625, 0.0250396728515625, 0.50927734375, 0.1676025390625, 0.39697265625]","[0.10204081982374191, 0.026809651404619217, 0.5, 0.1666666716337204, 0.3906809985637665]"
208,"[-0.0019702911376953125, 0.5517578125, -0.0014438629150390625, 0.1640625, 0.71240234375]","[0.0, 0.5442359447479248, 0.0, 0.1666666716337204, 0.7072879076004028]"
314-4,"[0.49609375, 0.0007648468017578125, -0.0021762847900390625, -0.0048828125, 0.1402587890625]","[0.5102040767669678, 0.0, 0.0, 0.0, 0.13560333847999573]"
275-cagehof-2,"[0.1612548828125, 0.54541015625, 0.4912109375, 0.1689453125, 0.26171875]","[0.18367347121238708, 0.5415549874305725, 0.5, 0.1666666716337204, 0.26105138659477234]"
138_1969815_2d-90,"[0.28369140625, 0.2432861328125, -0.00762176513671875, 0.176513671875, 0.1883544921875]","[0.30612245202064514, 0.24664878845214844, 0.0, 0.1666666716337204, 0.18757466971874237]"
117_1948437_hons1,"[0.0987548828125, 0.027801513671875, 0.5048828125, 0.169189453125, 0.398681640625]","[0.10204081982374191, 0.026809651404619217, 0.5, 0.1666666716337204, 0.3906809985637665]"
314-4-cl,"[0.49560546875, 0.010894775390625, -0.0018711090087890625, -0.0019521713256835938, 0.141845703125]","[0.5102040767669678, 0.0, 0.0, 0.0, 0.13560333847999573]"
263-tptca-2,"[0.90576171875, 0.0024890899658203125, 0.0001430511474609375, -0.0113983154296875, 0.004428863525390625]","[0.8979591727256775, 0.0, 0.0, 0.0, 0.008960573934018612]"
49_1815222_hof1a,"[0.299560546875, 0.2474365234375, -0.00756072998046875, 0.16845703125, 0.1903076171875]","[0.30612245202064514, 0.24664878845214844, 0.0, 0.1666666716337204, 0.18757466971874237]"
138_2043142_2d-83,"[0.18359375, 0.54052734375, 0.50048828125, 0.1602783203125, 0.264892578125]","[0.18367347121238708, 0.5415549874305725, 0.5, 0.1666666716337204, 0.26105138659477234]"
25_1499634_x-ttf,"[-0.0014524459838867188, 0.548828125, -0.0027027130126953125, 0.16748046875, 0.7177734375]","[0.0, 0.5442359447479248, 0.0, 0.1666666716337204, 0.7072879076004028]"
88_1850863_1,"[0.1832275390625, 0.54736328125, 0.50537109375, 0.1705322265625, 0.269287109375]","[0.18367347121238708, 0.5415549874305725, 0.5, 0.1666666716337204, 0.26105138659477234]"
1882ct-18c6-i,"[-0.01043701171875, 0.55029296875, -0.005279541015625, 0.166259765625, 0.705078125]","[0.0, 0.5442359447479248, 0.0, 0.1666666716337204, 0.7072879076004028]"
48_1846099_10,"[-0.00897979736328125, 0.552734375, -0.0005970001220703125, 0.165283203125, 0.71044921875]","[0.0, 0.5442359447479248, 0.0, 0.1666666716337204, 0.7072879076004028]"
219n-hexanehof-tri-pmdi-br,"[0.998046875, -0.0019969940185546875, -0.0029697418212890625, -0.011871337890625, 0.19921875]","[1.0, 0.0, 0.0, 0.0, 0.20370370149612427]"
2_g2fbs,"[0.099609375, 0.5458984375, 0.5009765625, 0.16845703125, 0.1822509765625]","[0.10204081982374191, 0.5415549874305725, 0.5, 0.1666666716337204, 0.17861409485340118]"
84_1867935_9,"[0.09808349609375, 0.54541015625, 0.50244140625, 0.16796875, 0.1832275390625]","[0.10204081982374191, 0.5415549874305725, 0.5, 0.1666666716337204, 0.17861409485340118]"
2272235812,"[0.10308837890625, 0.5439453125, 0.5009765625, 0.1710205078125, 0.1895751953125]","[0.10204081982374191, 0.5415549874305725, 0.5, 0.1666666716337204, 0.17861409485340118]"
92_1879989_mhof-3,"[0.09942626953125, 0.0272064208984375, 0.5068359375, 0.16748046875, 0.3974609375]","[0.10204081982374191, 0.026809651404619217, 0.5, 0.1666666716337204, 0.3906809985637665]"
24_1507980_hof-tcbp,"[-0.005939483642578125, 0.5537109375, -0.00617218017578125, 0.1676025390625, 0.712890625]","[0.0, 0.5442359447479248, 0.0, 0.1666666716337204, 0.7072879076004028]"
5-8,"[-0.005924224853515625, 0.55029296875, 6.681680679321289e-05, 0.1650390625, 0.7119140625]","[0.0, 0.5442359447479248, 0.0, 0.1666666716337204, 0.7072879076004028]"
293-anh2,"[0.10247802734375, 0.0214996337890625, 0.505859375, 0.1676025390625, 0.39453125]","[0.10204081982374191, 0.026809651404619217, 0.5, 0.1666666716337204, 0.3906809985637665]"
2332269819co-hof,"[0.4951171875, 0.011138916015625, -0.00543975830078125, 0.0014467239379882812, 0.1417236328125]","[0.5102040767669678, 0.0, 0.0, 0.0, 0.13560333847999573]"
2302240104,"[0.477783203125, 0.0220184326171875, -0.01422882080078125, -1.4185905456542969e-05, 0.135498046875]","[0.5102040767669678, 0.0, 0.0, 0.0, 0.13560333847999573]"
254--hcof-bf3-08,"[0.1910400390625, 0.6318359375, 0.0029315948486328125, 0.154541015625, 0.292236328125]","[0.20408163964748383, 0.6380696892738342, 0.0, 0.1666666716337204, 0.280764639377594]"
271-1,"[0.096923828125, 0.0296783447265625, 0.5048828125, 0.1685791015625, 0.392822265625]","[0.10204081982374191, 0.026809651404619217, 0.5, 0.1666666716337204, 0.3906809985637665]"
66_1886467_tpm_an-100k,"[0.195556640625, 0.6298828125, -0.00225067138671875, 0.1597900390625, 0.291015625]","[0.20408163964748383, 0.6380696892738342, 0.0, 0.1666666716337204, 0.280764639377594]"
172-tpe-aa-3,"[0.2080078125, 0.62353515625, -0.00882720947265625, 0.1685791015625, 0.303466796875]","[0.20408163964748383, 0.6380696892738342, 0.0, 0.1666666716337204, 0.280764639377594]"
2252257051hof-fju-37,"[0.09906005859375, 0.54248046875, 0.50537109375, 0.16748046875, 0.18798828125]","[0.10204081982374191, 0.5415549874305725, 0.5, 0.1666666716337204, 0.17861409485340118]"
148_1940053_seu-2,"[-0.007328033447265625, 0.55029296875, -0.0015888214111328125, 0.164794921875, 0.708984375]","[0.0, 0.5442359447479248, 0.0, 0.1666666716337204, 0.7072879076004028]"
158_1878390_hof-fju-1,"[-0.0116119384765625, 0.55126953125, -0.0020008087158203125, 0.1644287109375, 0.70947265625]","[0.0, 0.5442359447479248, 0.0, 0.1666666716337204, 0.7072879076004028]"
187_1d-c,"[0.1383056640625, 0.703125, 0.0017299652099609375, 0.5224609375, 0.71728515625]","[0.12244898080825806, 0.7426273226737976, 0.0, 0.5, 0.7479091882705688]"
92_1879988_mhof-2,"[0.096923828125, 0.0307769775390625, 0.50634765625, 0.167724609375, 0.39404296875]","[0.10204081982374191, 0.026809651404619217, 0.5, 0.1666666716337204, 0.3906809985637665]"
172-tpe-aa-1,"[0.147216796875, 1.01171875, 0.517578125, 0.33837890625, 0.5029296875]","[0.16326530277729034, 1.0, 0.5, 0.3333333432674408, 0.4988052546977997]"
142_2031630_8pcom-dmso,"[0.07763671875, 0.95947265625, -0.0009555816650390625, 0.352294921875, 0.93701171875]","[0.08163265138864517, 0.9731903672218323, 0.0, 0.3333333432674408, 0.9223417043685913]"
271-2,"[0.0999755859375, 0.02734375, 0.50634765625, 0.1689453125, 0.3984375]","[0.10204081982374191, 0.026809651404619217, 0.5, 0.1666666716337204, 0.3906809985637665]"
28_1478355_t1chcl33,"[0.30078125, 0.2396240234375, -0.0012531280517578125, 0.16357421875, 0.1846923828125]","[0.30612245202064514, 0.24664878845214844, 0.0, 0.1666666716337204, 0.18757466971874237]"
104_1857374_2,"[0.266357421875, 0.2384033203125, -0.0028629302978515625, 0.1790771484375, 0.2073974609375]","[0.30612245202064514, 0.24664878845214844, 0.0, 0.1666666716337204, 0.18757466971874237]"
243-hof-fju-39,"[-0.0016508102416992188, 0.548828125, -0.00395965576171875, 0.1676025390625, 0.70703125]","[0.0, 0.5442359447479248, 0.0, 0.1666666716337204, 0.7072879076004028]"
187_3d-selenophene,"[0.291748046875, 0.247314453125, -0.00910186767578125, 0.1678466796875, 0.18701171875]","[0.30612245202064514, 0.24664878845214844, 0.0, 0.1666666716337204, 0.18757466971874237]"
70_1898279_hof1⊃thiophene,"[0.599609375, 0.69970703125, 0.00862884521484375, 0.16357421875, 0.198974609375]","[0.5714285969734192, 0.7560321688652039, 0.0, 0.1666666716337204, 0.19653524458408356]"
2_g4ibs26,"[0.099853515625, 0.5498046875, 0.50146484375, 0.1666259765625, 0.1824951171875]","[0.10204081982374191, 0.5415549874305725, 0.5, 0.1666666716337204, 0.17861409485340118]"
55_1837134_1,"[0.10186767578125, 0.54248046875, 0.497802734375, 0.1695556640625, 0.1776123046875]","[0.10204081982374191, 0.5415549874305725, 0.5, 0.1666666716337204, 0.17861409485340118]"
125_1892552_hma+hpda−,"[0.1011962890625, 0.55029296875, 0.5048828125, 0.169189453125, 0.1846923828125]","[0.10204081982374191, 0.5415549874305725, 0.5, 0.1666666716337204, 0.17861409485340118]"
291-hof2-s,"[0.09820556640625, 0.0295257568359375, 0.50244140625, 0.1685791015625, 0.39697265625]","[0.10204081982374191, 0.026809651404619217, 0.5, 0.1666666716337204, 0.3906809985637665]"
129_1984229_upc-h8,"[-0.0030231475830078125, 0.54833984375, -0.0006046295166015625, 0.1680908203125, 0.70849609375]","[0.0, 0.5442359447479248, 0.0, 0.1666666716337204, 0.7072879076004028]"
193-dap-hof-1,"[0.2005615234375, 0.54443359375, 0.498291015625, 0.166015625, 0.26416015625]","[0.18367347121238708, 0.5415549874305725, 0.5, 0.1666666716337204, 0.26105138659477234]"
142_2031629_8pcom-tol,"[0.493408203125, 0.0012531280517578125, 0.0013637542724609375, -0.01343536376953125, 0.12841796875]","[0.5102040767669678, 0.0, 0.0, 0.0, 0.13560333847999573]"
102_1970873_74dmso,"[0.08966064453125, 0.95849609375, 0.0007534027099609375, 0.354248046875, 0.916015625]","[0.08163265138864517, 0.9731903672218323, 0.0, 0.3333333432674408, 0.9223417043685913]"
43_1583113_cpos-1,"[0.0975341796875, 0.54833984375, 0.50439453125, 0.167724609375, 0.1822509765625]","[0.10204081982374191, 0.5415549874305725, 0.5, 0.1666666716337204, 0.17861409485340118]"
152_2077900_pfc-77,"[0.1026611328125, 0.031036376953125, 0.497802734375, 0.1707763671875, 0.40087890625]","[0.10204081982374191, 0.026809651404619217, 0.5, 0.1666666716337204, 0.3906809985637665]"
32_1540571_cphat-1-tcb,"[-0.006259918212890625, 0.5537109375, -0.0015430450439453125, 0.161865234375, 0.7138671875]","[0.0, 0.5442359447479248, 0.0, 0.1666666716337204, 0.7072879076004028]"
5-10,"[-0.0087890625, 0.552734375, -0.0002231597900390625, 0.165283203125, 0.70947265625]","[0.0, 0.5442359447479248, 0.0, 0.1666666716337204, 0.7072879076004028]"
209-zioc2-4h2o-rt,"[0.09637451171875, 0.0274505615234375, 0.5078125, 0.1669921875, 0.39404296875]","[0.10204081982374191, 0.026809651404619217, 0.5, 0.1666666716337204, 0.3906809985637665]"
275-cage-6-cooh_nmp_solvate,"[0.099365234375, 0.54931640625, 0.0022296905517578125, 0.168212890625, 1.0224609375]","[0.10204081982374191, 0.5442359447479248, 0.0, 0.1666666716337204, 1.0]"
156_1973458_x-hof-1,"[-0.0101776123046875, 0.552734375, -0.01232147216796875, 0.1666259765625, 0.7158203125]","[0.0, 0.5442359447479248, 0.0, 0.1666666716337204, 0.7072879076004028]"
84_1867926_1a,"[0.0926513671875, 0.548828125, 0.501953125, 0.1661376953125, 0.1719970703125]","[0.10204081982374191, 0.5415549874305725, 0.5, 0.1666666716337204, 0.17861409485340118]"
168_2087506_hof-30a-c3h4,"[0.238525390625, 0.5361328125, 0.50439453125, 0.1656494140625, 0.281982421875]","[0.26530611515045166, 0.5415549874305725, 0.5, 0.1666666716337204, 0.28554362058639526]"
5-6,"[-0.0018949508666992188, 0.5517578125, -0.0027713775634765625, 0.1630859375, 0.70458984375]","[0.0, 0.5442359447479248, 0.0, 0.1666666716337204, 0.7072879076004028]"
150-hof-fju-5,"[1.0205078125, 0.0223236083984375, -0.00986480712890625, -0.0022411346435546875, 0.1875]","[1.0, 0.0, 0.0, 0.0, 0.20370370149612427]"
84_1867930_4,"[0.09991455078125, 0.54931640625, 0.501953125, 0.1680908203125, 0.1820068359375]","[0.10204081982374191, 0.5415549874305725, 0.5, 0.1666666716337204, 0.17861409485340118]"
35_1573633_hof-11,"[0.326416015625, 0.20849609375, -0.041595458984375, 0.1744384765625, 0.1761474609375]","[0.30612245202064514, 0.24664878845214844, 0.0, 0.1666666716337204, 0.18757466971874237]"
184_cfa-20-br,"[-0.0078582763671875, 0.55224609375, -0.0036106109619140625, 0.1640625, 0.708984375]","[0.0, 0.5442359447479248, 0.0, 0.1666666716337204, 0.7072879076004028]"
294-5_pyridine,"[0.337646484375, 0.34228515625, 0.0052032470703125, 0.16845703125, 0.48486328125]","[0.3469387888908386, 0.3458445072174072, 0.0, 0.1666666716337204, 0.4820788502693176]"
48_1846105_23,"[0.10089111328125, 0.5498046875, 0.505859375, 0.166015625, 0.1837158203125]","[0.10204081982374191, 0.5415549874305725, 0.5, 0.1666666716337204, 0.17861409485340118]"
1882ct-18c6-ii,"[-0.006229400634765625, 0.55078125, -0.0009174346923828125, 0.16455078125, 0.70947265625]","[0.0, 0.5442359447479248, 0.0, 0.1666666716337204, 0.7072879076004028]"
218-hof-tcpb-298,"[-0.0038471221923828125, 0.55224609375, -0.0038700103759765625, 0.1693115234375, 0.712890625]","[0.0, 0.5442359447479248, 0.0, 0.1666666716337204, 0.7072879076004028]"
37_1541093-ix,"[0.0977783203125, 0.0266265869140625, 0.50439453125, 0.1690673828125, 0.399169921875]","[0.10204081982374191, 0.026809651404619217, 0.5, 0.1666666716337204, 0.3906809985637665]"
100_1974317_2,"[0.092529296875, 0.025970458984375, 0.50244140625, 0.1700439453125, 0.396728515625]","[0.10204081982374191, 0.026809651404619217, 0.5, 0.1666666716337204, 0.3906809985637665]"
91_1941697_unam-1,"[0.07489013671875, 0.46337890625, 0.028350830078125, 0.1605224609375, 0.544921875]","[0.0, 0.5442359447479248, 0.0, 0.1666666716337204, 0.7072879076004028]"
184_cfa-20-tp,"[-0.004367828369140625, 0.556640625, -0.0020008087158203125, 0.166748046875, 0.712890625]","[0.0, 0.5442359447479248, 0.0, 0.1666666716337204, 0.7072879076004028]"
2282231664,"[0.1673583984375, 0.55029296875, 0.5009765625, 0.169921875, 0.251708984375]","[0.18367347121238708, 0.5415549874305725, 0.5, 0.1666666716337204, 0.26105138659477234]"
293-s3_4,"[0.0992431640625, 0.0279388427734375, 0.5068359375, 0.1673583984375, 0.3955078125]","[0.10204081982374191, 0.026809651404619217, 0.5, 0.1666666716337204, 0.3906809985637665]"
186_pfc-73-cu,"[-0.005527496337890625, 0.55322265625, -0.00481414794921875, 0.1685791015625, 0.70849609375]","[0.0, 0.5442359447479248, 0.0, 0.1666666716337204, 0.7072879076004028]"
282-cp-py-1,"[-0.007770538330078125, 0.55224609375, -0.0032596588134765625, 0.1654052734375, 0.708984375]","[0.0, 0.5442359447479248, 0.0, 0.1666666716337204, 0.7072879076004028]"
97_1907797_hof-76,"[0.0758056640625, 0.98095703125, 0.01284027099609375, 0.339111328125, 0.9345703125]","[0.08163265138864517, 0.9731903672218323, 0.0, 0.3333333432674408, 0.9223417043685913]"
86_1865476_cpos-5_273k,"[0.10052490234375, 0.0254669189453125, 0.50537109375, 0.1639404296875, 0.401611328125]","[0.10204081982374191, 0.026809651404619217, 0.5, 0.1666666716337204, 0.3906809985637665]"
54_1857529_pyopen⊃isoproh,"[0.253662109375, 0.55078125, 0.49560546875, 0.15380859375, 0.28564453125]","[0.26530611515045166, 0.5415549874305725, 0.5, 0.1666666716337204, 0.28554362058639526]"
211-tcbp-1,"[0.10302734375, 0.5478515625, 0.50244140625, 0.1658935546875, 0.180419921875]","[0.10204081982374191, 0.5415549874305725, 0.5, 0.1666666716337204, 0.17861409485340118]"
194-fju-360,"[0.09637451171875, 0.5458984375, 0.50439453125, 0.165771484375, 0.177734375]","[0.10204081982374191, 0.5415549874305725, 0.5, 0.1666666716337204, 0.17861409485340118]"
168_2087503_hof-30p,"[0.26513671875, 0.52685546875, 0.50146484375, 0.1610107421875, 0.35009765625]","[0.26530611515045166, 0.5415549874305725, 0.5, 0.1666666716337204, 0.3655914068222046]"
28_1520228_t2-_pentane,"[0.90380859375, 0.0157928466796875, -0.00489044189453125, -0.011199951171875, 0.015289306640625]","[0.8979591727256775, 0.0, 0.0, 0.0, 0.008960573934018612]"
55_1837139_1’-7min,"[0.72314453125, -0.015625, 0.00412750244140625, 1.0146484375, 0.285400390625]","[0.7142857313156128, 0.0, 0.0, 1.0, 0.27419355511665344]"
113_1984954_hof-20aniline,"[0.095703125, 0.0259246826171875, 0.50244140625, 0.1697998046875, 0.39501953125]","[0.10204081982374191, 0.026809651404619217, 0.5, 0.1666666716337204, 0.3906809985637665]"
77_1913304_pethof-3,"[0.287841796875, 0.2392578125, 0.0009212493896484375, 0.170166015625, 0.199951171875]","[0.30612245202064514, 0.24664878845214844, 0.0, 0.1666666716337204, 0.18757466971874237]"
2_g4nbs,"[0.0927734375, 0.54931640625, 0.5009765625, 0.1668701171875, 0.1763916015625]","[0.10204081982374191, 0.5415549874305725, 0.5, 0.1666666716337204, 0.17861409485340118]"
260-hof-nbda,"[0.11090087890625, 0.54052734375, 0.50439453125, 0.162841796875, 0.185302734375]","[0.10204081982374191, 0.5415549874305725, 0.5, 0.1666666716337204, 0.17861409485340118]"
3_822583_2dmf5c6h6s2a,"[-0.006168365478515625, 0.55322265625, -0.0008029937744140625, 0.16748046875, 0.71533203125]","[0.0, 0.5442359447479248, 0.0, 0.1666666716337204, 0.7072879076004028]"
2_g4ipbs,"[0.1014404296875, 0.5458984375, 0.50146484375, 0.1661376953125, 0.184326171875]","[0.10204081982374191, 0.5415549874305725, 0.5, 0.1666666716337204, 0.17861409485340118]"
37_1541099-xv,"[0.0966796875, 0.0289764404296875, 0.50537109375, 0.1683349609375, 0.394287109375]","[0.10204081982374191, 0.026809651404619217, 0.5, 0.1666666716337204, 0.3906809985637665]"
7_907057_sbds_tpma_gf,"[0.09686279296875, 0.5517578125, 0.50146484375, 0.1673583984375, 0.17724609375]","[0.10204081982374191, 0.5415549874305725, 0.5, 0.1666666716337204, 0.17861409485340118]"
128_2010568_pfc-33nh4,"[0.036041259765625, 0.5556640625, 0.0001583099365234375, 0.167236328125, 0.7939453125]","[0.040816325694322586, 0.5442359447479248, 0.0, 0.1666666716337204, 0.7855436205863953]"
28_1478365_t1c5h1234,"[0.91796875, -0.00016570091247558594, -0.00867462158203125, -0.012298583984375, 0.0027179718017578125]","[0.8979591727256775, 0.0, 0.0, 0.0, 0.008960573934018612]"
9_1427360_hof-2-s-pea,"[0.5205078125, 0.529296875, 0.52490234375, 0.169189453125, 0.324951171875]","[0.4897959232330322, 0.5415549874305725, 0.5, 0.1666666716337204, 0.321983277797699]"
28_1478360_t2dmac779,"[0.040008544921875, 0.55126953125, -0.0044708251953125, 0.16845703125, 0.79052734375]","[0.040816325694322586, 0.5442359447479248, 0.0, 0.1666666716337204, 0.7855436205863953]"
51_1819736_tcf1_open,"[0.29345703125, 0.25146484375, -0.0029544830322265625, 0.1649169921875, 0.182373046875]","[0.30612245202064514, 0.24664878845214844, 0.0, 0.1666666716337204, 0.18757466971874237]"
47_1819845_1,"[0.09954833984375, 0.0265350341796875, 0.50634765625, 0.1702880859375, 0.399169921875]","[0.10204081982374191, 0.026809651404619217, 0.5, 0.1666666716337204, 0.3906809985637665]"
54_1857530_pyopen⊃mecn,"[0.2052001953125, 0.6240234375, -0.03485107421875, 0.158447265625, 0.265625]","[0.20408163964748383, 0.6380696892738342, 0.0, 0.1666666716337204, 0.280764639377594]"
19_1457115_t12-1,"[-0.004215240478515625, 0.55224609375, -0.0003070831298828125, 0.1661376953125, 0.708984375]","[0.0, 0.5442359447479248, 0.0, 0.1666666716337204, 0.7072879076004028]"
294-4_bpy_dmso_dcm,"[0.08819580078125, 0.96142578125, 0.0012722015380859375, 0.348876953125, 0.9150390625]","[0.08163265138864517, 0.9731903672218323, 0.0, 0.3333333432674408, 0.9223417043685913]"
294-4_bpy_dmso_acetone,"[0.087646484375, 0.966796875, 0.0030879974365234375, 0.346923828125, 0.921875]","[0.08163265138864517, 0.9731903672218323, 0.0, 0.3333333432674408, 0.9223417043685913]"
264-cp-py-1-dmani,"[-0.01007080078125, 0.546875, -0.0060882568359375, 0.164306640625, 0.70947265625]","[0.0, 0.5442359447479248, 0.0, 0.1666666716337204, 0.7072879076004028]"
2272235813,"[0.09503173828125, 0.54541015625, 0.5048828125, 0.17138671875, 0.1822509765625]","[0.10204081982374191, 0.5415549874305725, 0.5, 0.1666666716337204, 0.17861409485340118]"
2_g4ipbs0675,"[0.10113525390625, 0.5478515625, 0.5009765625, 0.1649169921875, 0.1842041015625]","[0.10204081982374191, 0.5415549874305725, 0.5, 0.1666666716337204, 0.17861409485340118]"
37_1541086-ii,"[0.09716796875, 0.0266265869140625, 0.50439453125, 0.1690673828125, 0.397216796875]","[0.10204081982374191, 0.026809651404619217, 0.5, 0.1666666716337204, 0.3906809985637665]"
142_2031631_8pcom-dmf,"[-0.007389068603515625, 0.5517578125, -0.0020008087158203125, 0.1663818359375, 0.705078125]","[0.0, 0.5442359447479248, 0.0, 0.1666666716337204, 0.7072879076004028]"
59_1834675_3,"[0.1968994140625, 0.63623046875, -0.0032901763916015625, 0.1636962890625, 0.288330078125]","[0.20408163964748383, 0.6380696892738342, 0.0, 0.1666666716337204, 0.280764639377594]"
117_1948438_hons2,"[0.1007080078125, 0.0293731689453125, 0.50732421875, 0.16796875, 0.396240234375]","[0.10204081982374191, 0.026809651404619217, 0.5, 0.1666666716337204, 0.3906809985637665]"
2272235810,"[0.095458984375, 0.0269317626953125, 0.5048828125, 0.16845703125, 0.3935546875]","[0.10204081982374191, 0.026809651404619217, 0.5, 0.1666666716337204, 0.3906809985637665]"
277-hdsd-1,"[0.10064697265625, 0.0284271240234375, 0.50634765625, 0.16796875, 0.39697265625]","[0.10204081982374191, 0.026809651404619217, 0.5, 0.1666666716337204, 0.3906809985637665]"
17_1411460_1,"[-0.004352569580078125, 0.55224609375, -0.0034580230712890625, 0.1644287109375, 0.71435546875]","[0.0, 0.5442359447479248, 0.0, 0.1666666716337204, 0.7072879076004028]"
13-1d1_dmf,"[-0.0109405517578125, 0.55810546875, 2.866983413696289e-05, 0.166015625, 0.71142578125]","[0.0, 0.5442359447479248, 0.0, 0.1666666716337204, 0.7072879076004028]"
70_1898278_hof1⊃thf,"[0.290283203125, 0.221923828125, -0.00907135009765625, 0.167724609375, 0.1983642578125]","[0.30612245202064514, 0.24664878845214844, 0.0, 0.1666666716337204, 0.18757466971874237]"
94_1885768_upc-h4,"[-0.010833740234375, 0.54931640625, -0.0020389556884765625, 0.169189453125, 0.7138671875]","[0.0, 0.5442359447479248, 0.0, 0.1666666716337204, 0.7072879076004028]"
168_2087502_hof-30e,"[0.1693115234375, 0.5400390625, 0.499755859375, 0.1690673828125, 0.2481689453125]","[0.18367347121238708, 0.5415549874305725, 0.5, 0.1666666716337204, 0.26105138659477234]"
19_1457117_t12-2dmf,"[0.005596160888671875, 0.5458984375, -0.0033283233642578125, 0.171875, 0.712890625]","[0.0, 0.5442359447479248, 0.0, 0.1666666716337204, 0.7072879076004028]"
254-ck1222a,"[0.187255859375, 0.54541015625, 0.50390625, 0.1644287109375, 0.2734375]","[0.18367347121238708, 0.5415549874305725, 0.5, 0.1666666716337204, 0.26105138659477234]"
261-mc250-2173798,"[0.09771728515625, 0.0281219482421875, 0.50439453125, 0.1685791015625, 0.39794921875]","[0.10204081982374191, 0.026809651404619217, 0.5, 0.1666666716337204, 0.3906809985637665]"
293-btere,"[0.09930419921875, 0.029266357421875, 0.505859375, 0.168701171875, 0.394775390625]","[0.10204081982374191, 0.026809651404619217, 0.5, 0.1666666716337204, 0.3906809985637665]"
56_1833798_1dy4,"[0.0943603515625, 0.548828125, 0.50048828125, 0.1693115234375, 0.17138671875]","[0.10204081982374191, 0.5415549874305725, 0.5, 0.1666666716337204, 0.17861409485340118]"
1_9,"[0.0994873046875, 0.5478515625, 0.5029296875, 0.1680908203125, 0.1822509765625]","[0.10204081982374191, 0.5415549874305725, 0.5, 0.1666666716337204, 0.17861409485340118]"
211-btba-1c1_sq,"[0.0943603515625, 0.54248046875, 0.5029296875, 0.166259765625, 0.1729736328125]","[0.10204081982374191, 0.5415549874305725, 0.5, 0.1666666716337204, 0.17861409485340118]"
128_2010569_pfc-33tma,"[0.035125732421875, 0.556640625, -0.0035343170166015625, 0.1673583984375, 0.7939453125]","[0.040816325694322586, 0.5442359447479248, 0.0, 0.1666666716337204, 0.7855436205863953]"
175_2062609_26,"[0.176025390625, 0.54296875, 0.501953125, 0.1669921875, 0.26025390625]","[0.18367347121238708, 0.5415549874305725, 0.5, 0.1666666716337204, 0.26105138659477234]"
118_1991980_pentamof-2,"[-0.0086517333984375, 0.55419921875, -0.0028705596923828125, 0.167236328125, 0.71240234375]","[0.0, 0.5442359447479248, 0.0, 0.1666666716337204, 0.7072879076004028]"
20_1472884_iiserp-hof1,"[0.1602783203125, 1.021484375, 0.52001953125, 0.34228515625, 0.5078125]","[0.16326530277729034, 1.0, 0.5, 0.3333333432674408, 0.4988052546977997]"
178_ptc-235-mecn,"[0.093505859375, 0.5390625, 0.499267578125, 0.1661376953125, 0.1754150390625]","[0.10204081982374191, 0.5415549874305725, 0.5, 0.1666666716337204, 0.17861409485340118]"
37_1541088-iv,"[0.099853515625, 0.0260772705078125, 0.50439453125, 0.166748046875, 0.395263671875]","[0.10204081982374191, 0.026809651404619217, 0.5, 0.1666666716337204, 0.3906809985637665]"
75_1889091_16pf6,"[0.1998291015625, 0.6318359375, -0.00933074951171875, 0.161865234375, 0.2900390625]","[0.20408163964748383, 0.6380696892738342, 0.0, 0.1666666716337204, 0.280764639377594]"
102_1970874_7ndmso,"[0.0899658203125, 0.97705078125, 0.0018825531005859375, 0.357421875, 0.9248046875]","[0.08163265138864517, 0.9731903672218323, 0.0, 0.3333333432674408, 0.9223417043685913]"
28_1478362_t1,"[0.0899658203125, 0.55224609375, 0.501953125, 0.16650390625, 0.1778564453125]","[0.10204081982374191, 0.5415549874305725, 0.5, 0.1666666716337204, 0.17861409485340118]"
160_2056903_tpe-2bph,"[0.09844970703125, 0.5380859375, 0.50048828125, 0.1712646484375, 0.1815185546875]","[0.10204081982374191, 0.5415549874305725, 0.5, 0.1666666716337204, 0.17861409485340118]"
73_1908804_p5,"[0.20361328125, 0.6298828125, -0.00958251953125, 0.1591796875, 0.299560546875]","[0.20408163964748383, 0.6380696892738342, 0.0, 0.1666666716337204, 0.280764639377594]"
1_14,"[0.098876953125, 0.5517578125, 0.5009765625, 0.1669921875, 0.18212890625]","[0.10204081982374191, 0.5415549874305725, 0.5, 0.1666666716337204, 0.17861409485340118]"
1881ct-18c6-i,"[0.16650390625, 0.5458984375, 0.50732421875, 0.1668701171875, 0.25244140625]","[0.18367347121238708, 0.5415549874305725, 0.5, 0.1666666716337204, 0.26105138659477234]"
45_1555042_1b,"[0.33837890625, 0.67724609375, -0.01062774658203125, 0.311767578125, 0.260986328125]","[0.3469387888908386, 0.7050938606262207, 0.0, 0.3333333432674408, 0.25388291478157043]"
21520140741,"[0.20458984375, 0.6240234375, -0.00727081298828125, 0.162353515625, 0.29833984375]","[0.20408163964748383, 0.6380696892738342, 0.0, 0.1666666716337204, 0.280764639377594]"
2_g4tbbs,"[0.09906005859375, 0.544921875, 0.5009765625, 0.1671142578125, 0.1834716796875]","[0.10204081982374191, 0.5415549874305725, 0.5, 0.1666666716337204, 0.17861409485340118]"
269-mcf,"[0.291015625, 0.2420654296875, -0.00848388671875, 0.1593017578125, 0.1844482421875]","[0.30612245202064514, 0.24664878845214844, 0.0, 0.1666666716337204, 0.18757466971874237]"
184_cfa-20-tp-dmso,"[-0.0079498291015625, 0.5498046875, -0.0030612945556640625, 0.16552734375, 0.7041015625]","[0.0, 0.5442359447479248, 0.0, 0.1666666716337204, 0.7072879076004028]"
2_g4mbs0516,"[0.1024169921875, 0.546875, 0.501953125, 0.1680908203125, 0.185791015625]","[0.10204081982374191, 0.5415549874305725, 0.5, 0.1666666716337204, 0.17861409485340118]"
140_2046914_zju-hof-10,"[0.327880859375, 0.2230224609375, -0.00835418701171875, 0.1702880859375, 0.18798828125]","[0.30612245202064514, 0.24664878845214844, 0.0, 0.1666666716337204, 0.18757466971874237]"
182_ihof-1,"[0.0272064208984375, 0.55322265625, 0.0004405975341796875, 0.16845703125, 0.75830078125]","[0.040816325694322586, 0.5442359447479248, 0.0, 0.1666666716337204, 0.7855436205863953]"
116_1977891_abtpa-1,"[0.316650390625, 0.2415771484375, -0.01267242431640625, 0.172119140625, 0.1837158203125]","[0.30612245202064514, 0.24664878845214844, 0.0, 0.1666666716337204, 0.18757466971874237]"
38_1578417_tpf-1,"[-0.00859832763671875, 0.54931640625, -0.0024662017822265625, 0.1688232421875, 0.71142578125]","[0.0, 0.5442359447479248, 0.0, 0.1666666716337204, 0.7072879076004028]"
5-15,"[-0.0035572052001953125, 0.5458984375, -0.0055694580078125, 0.166259765625, 0.70654296875]","[0.0, 0.5442359447479248, 0.0, 0.1666666716337204, 0.7072879076004028]"
151-bptp-1-tcb,"[-0.006465911865234375, 0.55322265625, -0.0029697418212890625, 0.167724609375, 0.71142578125]","[0.0, 0.5442359447479248, 0.0, 0.1666666716337204, 0.7072879076004028]"
109_1881304_mtocz,"[0.492919921875, 0.0086669921875, -0.00797271728515625, -0.0019588470458984375, 0.1358642578125]","[0.5102040767669678, 0.0, 0.0, 0.0, 0.13560333847999573]"
40_1510308_hoifs-1,"[0.49853515625, 0.0005512237548828125, -0.00913238525390625, 0.0033588409423828125, 0.14794921875]","[0.5102040767669678, 0.0, 0.0, 0.0, 0.13560333847999573]"
2202210794hof-tj-1,"[0.10247802734375, 0.546875, 0.501953125, 0.1658935546875, 0.1925048828125]","[0.10204081982374191, 0.5415549874305725, 0.5, 0.1666666716337204, 0.17861409485340118]"
249-zaf,"[-0.007038116455078125, 0.55615234375, -0.0065460205078125, 0.169677734375, 0.7158203125]","[0.0, 0.5442359447479248, 0.0, 0.1666666716337204, 0.7072879076004028]"
2033,"[0.53125, 0.242431640625, -0.00708770751953125, 0.1739501953125, 0.2027587890625]","[0.5102040767669678, 0.24664878845214844, 0.0, 0.1666666716337204, 0.20131421089172363]"
43_1583114_cpos-2,"[0.09930419921875, 0.54443359375, 0.50537109375, 0.16650390625, 0.1832275390625]","[0.10204081982374191, 0.5415549874305725, 0.5, 0.1666666716337204, 0.17861409485340118]"
106_1904339_pfc-13,"[0.1785888671875, 0.54833984375, 0.499267578125, 0.1702880859375, 0.260009765625]","[0.18367347121238708, 0.5415549874305725, 0.5, 0.1666666716337204, 0.26105138659477234]"
152_2077917_pfc-78,"[0.1700439453125, 0.436279296875, 0.016571044921875, 0.154052734375, 0.1337890625]","[0.18367347121238708, 0.4584450423717499, 0.0, 0.1666666716337204, 0.12843488156795502]"
2_g3fbs,"[0.1007080078125, 0.54833984375, 0.5009765625, 0.1680908203125, 0.1842041015625]","[0.10204081982374191, 0.5415549874305725, 0.5, 0.1666666716337204, 0.17861409485340118]"
5-13,"[-0.0089263916015625, 0.55029296875, 0.0004787445068359375, 0.1654052734375, 0.70458984375]","[0.0, 0.5442359447479248, 0.0, 0.1666666716337204, 0.7072879076004028]"
106_1904340_pfc-12,"[0.252197265625, 0.54833984375, 0.499755859375, 0.1724853515625, 0.2900390625]","[0.26530611515045166, 0.5415549874305725, 0.5, 0.1666666716337204, 0.28554362058639526]"
75_1889094_16cl,"[0.18896484375, 0.625, -0.006801605224609375, 0.156982421875, 0.292236328125]","[0.20408163964748383, 0.6380696892738342, 0.0, 0.1666666716337204, 0.280764639377594]"
259-etta_cl,"[0.102294921875, 0.5498046875, 0.501953125, 0.1663818359375, 0.18115234375]","[0.10204081982374191, 0.5415549874305725, 0.5, 0.1666666716337204, 0.17861409485340118]"
55_1837141_1’-15min,"[0.72705078125, -0.0140533447265625, 0.00394439697265625, 1.0126953125, 0.284423828125]","[0.7142857313156128, 0.0, 0.0, 1.0, 0.27419355511665344]"
5-14,"[-0.0115814208984375, 0.55126953125, -0.0036869049072265625, 0.1676025390625, 0.708984375]","[0.0, 0.5442359447479248, 0.0, 0.1666666716337204, 0.7072879076004028]"
2_g4mbs22,"[0.09771728515625, 0.54833984375, 0.50048828125, 0.1661376953125, 0.1802978515625]","[0.10204081982374191, 0.5415549874305725, 0.5, 0.1666666716337204, 0.17861409485340118]"
110_1981967_g4hspb[rubpy3],"[-0.00860595703125, 0.54931640625, 0.0033321380615234375, 0.1676025390625, 0.708984375]","[0.0, 0.5442359447479248, 0.0, 0.1666666716337204, 0.7072879076004028]"
187_3d-thiophene,"[0.2978515625, 0.251220703125, -0.00920867919921875, 0.1644287109375, 0.189208984375]","[0.30612245202064514, 0.24664878845214844, 0.0, 0.1666666716337204, 0.18757466971874237]"
282-cp-hp-1,"[-0.0100860595703125, 0.5537109375, -0.0028400421142578125, 0.16455078125, 0.70849609375]","[0.0, 0.5442359447479248, 0.0, 0.1666666716337204, 0.7072879076004028]"
163_2091096_hcof-101,"[0.19287109375, 0.638671875, -0.0024509429931640625, 0.1622314453125, 0.30859375]","[0.20408163964748383, 0.6380696892738342, 0.0, 0.1666666716337204, 0.280764639377594]"
42_1579888_phtcz-2,"[0.1810302734375, 0.5498046875, 0.50390625, 0.1654052734375, 0.259033203125]","[0.18367347121238708, 0.5415549874305725, 0.5, 0.1666666716337204, 0.26105138659477234]"
89_1916385_2,"[0.098388671875, 0.5517578125, 0.50341796875, 0.1685791015625, 0.180419921875]","[0.10204081982374191, 0.5415549874305725, 0.5, 0.1666666716337204, 0.17861409485340118]"
1_10,"[0.1002197265625, 0.54931640625, 0.4990234375, 0.1668701171875, 0.183837890625]","[0.10204081982374191, 0.5415549874305725, 0.5, 0.1666666716337204, 0.17861409485340118]"
75_1889093_16asf6,"[0.18994140625, 0.6318359375, -0.01271820068359375, 0.1607666015625, 0.298095703125]","[0.20408163964748383, 0.6380696892738342, 0.0, 0.1666666716337204, 0.280764639377594]"
175_1916808_345,"[0.1881103515625, 0.5400390625, 0.50341796875, 0.166015625, 0.263671875]","[0.18367347121238708, 0.5415549874305725, 0.5, 0.1666666716337204, 0.26105138659477234]"
125_1892511_hma2[bi2pda42water]4water,"[0.09356689453125, 0.548828125, 0.505859375, 0.1676025390625, 0.1800537109375]","[0.10204081982374191, 0.5415549874305725, 0.5, 0.1666666716337204, 0.17861409485340118]"
153_2038609_bisimidazoliumterephthalate-100k,"[0.32373046875, 0.68408203125, -0.0028476715087890625, 0.319580078125, 0.261962890625]","[0.3469387888908386, 0.7050938606262207, 0.0, 0.3333333432674408, 0.25388291478157043]"
49_1815227_hof3b,"[0.304931640625, 0.2418212890625, -0.0066680908203125, 0.165771484375, 0.18408203125]","[0.30612245202064514, 0.24664878845214844, 0.0, 0.1666666716337204, 0.18757466971874237]"
2162209418zhof,"[0.09112548828125, 0.9736328125, -0.0037631988525390625, 0.347900390625, 0.92724609375]","[0.08163265138864517, 0.9731903672218323, 0.0, 0.3333333432674408, 0.9223417043685913]"
62_1886521_cphatn-npnmp,"[0.09906005859375, 0.5400390625, -0.00557708740234375, 0.165283203125, 1.01953125]","[0.10204081982374191, 0.5442359447479248, 0.0, 0.1666666716337204, 1.0]"
16_1057513_hof-5,"[-0.007099151611328125, 0.5517578125, 0.0011043548583984375, 0.16455078125, 0.71484375]","[0.0, 0.5442359447479248, 0.0, 0.1666666716337204, 0.7072879076004028]"
13-2d2_nmp,"[0.10198974609375, 0.5341796875, 0.002498626708984375, 0.16845703125, 1.0185546875]","[0.10204081982374191, 0.5442359447479248, 0.0, 0.1666666716337204, 1.0]"
168_2087505_hof-30a,"[0.2476806640625, 0.5390625, 0.49951171875, 0.1636962890625, 0.275146484375]","[0.26530611515045166, 0.5415549874305725, 0.5, 0.1666666716337204, 0.28554362058639526]"
1_8,"[0.10296630859375, 0.548828125, 0.501953125, 0.1676025390625, 0.18505859375]","[0.10204081982374191, 0.5415549874305725, 0.5, 0.1666666716337204, 0.17861409485340118]"
143_1980887_smof-pfsix-1,"[0.19677734375, 0.63818359375, -0.006378173828125, 0.166748046875, 0.29541015625]","[0.20408163964748383, 0.6380696892738342, 0.0, 0.1666666716337204, 0.280764639377594]"
79_1890647_hof-co,"[0.0985107421875, 0.0305328369140625, 0.5029296875, 0.1690673828125, 0.3935546875]","[0.10204081982374191, 0.026809651404619217, 0.5, 0.1666666716337204, 0.3906809985637665]"
84_1867931_5,"[0.105712890625, 0.54296875, 0.50146484375, 0.166748046875, 0.1900634765625]","[0.10204081982374191, 0.5415549874305725, 0.5, 0.1666666716337204, 0.17861409485340118]"
18_1445430_2-h2o,"[0.10137939453125, 0.54931640625, 0.50244140625, 0.1678466796875, 0.180908203125]","[0.10204081982374191, 0.5415549874305725, 0.5, 0.1666666716337204, 0.17861409485340118]"
137_1971951_jlu-sof3,"[0.31494140625, 0.223876953125, -0.017364501953125, 0.1728515625, 0.1826171875]","[0.30612245202064514, 0.24664878845214844, 0.0, 0.1666666716337204, 0.18757466971874237]"
296-pyca-higha,"[0.20068359375, 0.630859375, 0.0033969879150390625, 0.1552734375, 0.30712890625]","[0.20408163964748383, 0.6380696892738342, 0.0, 0.1666666716337204, 0.280764639377594]"
26_1523338_tetra,"[0.1002197265625, 0.0247039794921875, 0.5068359375, 0.16845703125, 0.400390625]","[0.10204081982374191, 0.026809651404619217, 0.5, 0.1666666716337204, 0.3906809985637665]"
264-cp-py-2-dmani,"[-0.004993438720703125, 0.548828125, -0.00492095947265625, 0.1650390625, 0.712890625]","[0.0, 0.5442359447479248, 0.0, 0.1666666716337204, 0.7072879076004028]"
235_phof-1nh3,"[0.1837158203125, 0.5517578125, 0.50341796875, 0.166259765625, 0.271728515625]","[0.18367347121238708, 0.5415549874305725, 0.5, 0.1666666716337204, 0.26105138659477234]"
131_1976307_upc-h5,"[-0.006175994873046875, 0.5546875, -0.0019550323486328125, 0.16455078125, 0.7158203125]","[0.0, 0.5442359447479248, 0.0, 0.1666666716337204, 0.7072879076004028]"
102_1970867_53dmso,"[0.08837890625, 0.96484375, 0.0036525726318359375, 0.34814453125, 0.921875]","[0.08163265138864517, 0.9731903672218323, 0.0, 0.3333333432674408, 0.9223417043685913]"
224tam-bdca-hof,"[0.1026611328125, 0.02191162109375, 0.50244140625, 0.171142578125, 0.3974609375]","[0.10204081982374191, 0.026809651404619217, 0.5, 0.1666666716337204, 0.3906809985637665]"
49_1815224_hof2a,"[0.30517578125, 0.2435302734375, -0.0087127685546875, 0.164306640625, 0.1824951171875]","[0.30612245202064514, 0.24664878845214844, 0.0, 0.1666666716337204, 0.18757466971874237]"
15-mo_jesse04_0m_sq,"[0.277587890625, 0.54150390625, 0.51123046875, 0.160888671875, 0.378173828125]","[0.26530611515045166, 0.5415549874305725, 0.5, 0.1666666716337204, 0.3655914068222046]"
293-aanth,"[0.0997314453125, 0.0264434814453125, 0.50732421875, 0.1680908203125, 0.39697265625]","[0.10204081982374191, 0.026809651404619217, 0.5, 0.1666666716337204, 0.3906809985637665]"
71_1900772_hof-19,"[0.169921875, 1.0185546875, 0.51318359375, 0.351806640625, 0.390380859375]","[0.16326530277729034, 1.0, 0.5, 0.3333333432674408, 0.39426523447036743]"
149_1962984_bpmcz-p2,"[0.0943603515625, 0.54541015625, 0.5009765625, 0.1556396484375, 0.1732177734375]","[0.10204081982374191, 0.5415549874305725, 0.5, 0.1666666716337204, 0.17861409485340118]"
256-th5_dmso,"[0.084716796875, 0.9638671875, -0.0019626617431640625, 0.348876953125, 0.921875]","[0.08163265138864517, 0.9731903672218323, 0.0, 0.3333333432674408, 0.9223417043685913]"
142_2031632_8pcom-act,"[0.181396484375, 0.469970703125, -0.006229400634765625, 0.160400390625, 0.1376953125]","[0.18367347121238708, 0.4584450423717499, 0.0, 0.1666666716337204, 0.12843488156795502]"
28_1520230_t2edmf173,"[-0.0107269287109375, 0.552734375, -0.00431060791015625, 0.166259765625, 0.71435546875]","[0.0, 0.5442359447479248, 0.0, 0.1666666716337204, 0.7072879076004028]"
89_1916384_1,"[0.09918212890625, 0.55126953125, 0.50244140625, 0.1668701171875, 0.1822509765625]","[0.10204081982374191, 0.5415549874305725, 0.5, 0.1666666716337204, 0.17861409485340118]"
48_1846106_20,"[0.287109375, 0.26171875, 0.0010738372802734375, 0.16748046875, 0.1923828125]","[0.30612245202064514, 0.24664878845214844, 0.0, 0.1666666716337204, 0.18757466971874237]"
2_g4fbs,"[0.097412109375, 0.54833984375, 0.5, 0.165771484375, 0.1807861328125]","[0.10204081982374191, 0.5415549874305725, 0.5, 0.1666666716337204, 0.17861409485340118]"
55_1837140_1’-10min,"[0.71923828125, -0.01715087890625, 0.00426483154296875, 1.0126953125, 0.283203125]","[0.7142857313156128, 0.0, 0.0, 1.0, 0.27419355511665344]"
43_1583115_cpos-3,"[0.09320068359375, 0.54931640625, 0.501953125, 0.1669921875, 0.1776123046875]","[0.10204081982374191, 0.5415549874305725, 0.5, 0.1666666716337204, 0.17861409485340118]"
37_1541089-v,"[0.09466552734375, 0.0287322998046875, 0.5048828125, 0.1688232421875, 0.395263671875]","[0.10204081982374191, 0.026809651404619217, 0.5, 0.1666666716337204, 0.3906809985637665]"
2_g4cbs25,"[0.10028076171875, 0.5498046875, 0.501953125, 0.1683349609375, 0.183837890625]","[0.10204081982374191, 0.5415549874305725, 0.5, 0.1666666716337204, 0.17861409485340118]"
2_g3mbs5,"[0.101806640625, 0.5478515625, 0.50048828125, 0.168701171875, 0.185791015625]","[0.10204081982374191, 0.5415549874305725, 0.5, 0.1666666716337204, 0.17861409485340118]"
2031l,"[-0.0123138427734375, 0.5478515625, 0.0019664764404296875, 0.16552734375, 0.7158203125]","[0.0, 0.5442359447479248, 0.0, 0.1666666716337204, 0.7072879076004028]"
107_1973441_1,"[0.0975341796875, 0.031402587890625, 0.50732421875, 0.1689453125, 0.396240234375]","[0.10204081982374191, 0.026809651404619217, 0.5, 0.1666666716337204, 0.3906809985637665]"
8_988067_hof-8,"[0.66259765625, -0.0010814666748046875, -0.00724029541015625, -0.0016241073608398438, 0.172607421875]","[0.6734693646430969, 0.0, 0.0, 0.0, 0.15890084207057953]"
257-rub-hofs,"[0.0948486328125, 0.0306243896484375, 0.50390625, 0.1734619140625, 0.399169921875]","[0.10204081982374191, 0.026809651404619217, 0.5, 0.1666666716337204, 0.3906809985637665]"
13-2d2_dmaa,"[0.038238525390625, 0.54541015625, 0.0013599395751953125, 0.1622314453125, 0.77880859375]","[0.040816325694322586, 0.5442359447479248, 0.0, 0.1666666716337204, 0.7855436205863953]"
143_1980599_smof-asfsix-1,"[0.193359375, 0.6328125, -0.002368927001953125, 0.165283203125, 0.296630859375]","[0.20408163964748383, 0.6380696892738342, 0.0, 0.1666666716337204, 0.280764639377594]"
1_1,"[0.102783203125, 0.54931640625, 0.4990234375, 0.166259765625, 0.1854248046875]","[0.10204081982374191, 0.5415549874305725, 0.5, 0.1666666716337204, 0.17861409485340118]"
293-bbiphen_2d,"[0.09979248046875, 0.0277862548828125, 0.5048828125, 0.167236328125, 0.3935546875]","[0.10204081982374191, 0.026809651404619217, 0.5, 0.1666666716337204, 0.3906809985637665]"
1_15,"[0.1015625, 0.54833984375, 0.50146484375, 0.1673583984375, 0.18505859375]","[0.10204081982374191, 0.5415549874305725, 0.5, 0.1666666716337204, 0.17861409485340118]"
55_1837145_1-22min,"[0.72119140625, -0.020782470703125, 0.00737762451171875, 1.0087890625, 0.27978515625]","[0.7142857313156128, 0.0, 0.0, 1.0, 0.27419355511665344]"
88_1850862_2,"[0.0997314453125, 0.0236663818359375, 0.50732421875, 0.166259765625, 0.40380859375]","[0.10204081982374191, 0.026809651404619217, 0.5, 0.1666666716337204, 0.3906809985637665]"
2_g4cbs0513,"[0.09918212890625, 0.5478515625, 0.5009765625, 0.1673583984375, 0.1820068359375]","[0.10204081982374191, 0.5415549874305725, 0.5, 0.1666666716337204, 0.17861409485340118]"
3_822584_2dmf5c6h6s2a,"[-0.005039215087890625, 0.55322265625, -0.0007572174072265625, 0.1669921875, 0.716796875]","[0.0, 0.5442359447479248, 0.0, 0.1666666716337204, 0.7072879076004028]"
162_2076404_pyia_298k,"[0.1947021484375, 0.63232421875, 0.0012311935424804688, 0.1561279296875, 0.29345703125]","[0.20408163964748383, 0.6380696892738342, 0.0, 0.1666666716337204, 0.280764639377594]"
106_1904338_pfc-11,"[0.171142578125, 0.55029296875, 0.4990234375, 0.172119140625, 0.26318359375]","[0.18367347121238708, 0.5415549874305725, 0.5, 0.1666666716337204, 0.26105138659477234]"
275-cagehof-2_dmac,"[0.035003662109375, 0.5537109375, -0.0004901885986328125, 0.168212890625, 0.79248046875]","[0.040816325694322586, 0.5442359447479248, 0.0, 0.1666666716337204, 0.7855436205863953]"
43_1583116_cpos-4,"[0.09521484375, 0.54931640625, 0.50244140625, 0.167724609375, 0.1763916015625]","[0.10204081982374191, 0.5415549874305725, 0.5, 0.1666666716337204, 0.17861409485340118]"
45_1555045_2a,"[0.1026611328125, 0.54150390625, 0.5029296875, 0.16650390625, 0.188720703125]","[0.10204081982374191, 0.5415549874305725, 0.5, 0.1666666716337204, 0.17861409485340118]"
22_1044788_hof-6,"[-0.0103607177734375, 0.55419921875, -0.0023441314697265625, 0.16259765625, 0.7099609375]","[0.0, 0.5442359447479248, 0.0, 0.1666666716337204, 0.7072879076004028]"
2_g4ibs,"[0.0970458984375, 0.54736328125, 0.50244140625, 0.1669921875, 0.179931640625]","[0.10204081982374191, 0.5415549874305725, 0.5, 0.1666666716337204, 0.17861409485340118]"
48_1846100_6,"[0.1878662109375, 0.54541015625, 0.50146484375, 0.1668701171875, 0.27099609375]","[0.18367347121238708, 0.5415549874305725, 0.5, 0.1666666716337204, 0.26105138659477234]"
142_2031633_8pcom-methanol,"[0.486328125, 0.00038361549377441406, -0.01529693603515625, -0.014801025390625, 0.134765625]","[0.5102040767669678, 0.0, 0.0, 0.0, 0.13560333847999573]"
293-areverse,"[0.09686279296875, 0.0262908935546875, 0.50439453125, 0.1683349609375, 0.394287109375]","[0.10204081982374191, 0.026809651404619217, 0.5, 0.1666666716337204, 0.3906809985637665]"
38_1578414_tpme-2,"[-0.0079345703125, 0.55322265625, -0.0019016265869140625, 0.163330078125, 0.7177734375]","[0.0, 0.5442359447479248, 0.0, 0.1666666716337204, 0.7072879076004028]"
295-upc-hof-6,"[0.08392333984375, 0.5390625, 0.50830078125, 0.1641845703125, 0.171630859375]","[0.10204081982374191, 0.5415549874305725, 0.5, 0.1666666716337204, 0.17861409485340118]"
115_2005568_cbpe-1deani,"[-0.0038013458251953125, 0.5419921875, 0.0032253265380859375, 0.1671142578125, 0.708984375]","[0.0, 0.5442359447479248, 0.0, 0.1666666716337204, 0.7072879076004028]"
84_1867929_3,"[0.10003662109375, 0.546875, 0.50244140625, 0.16748046875, 0.1856689453125]","[0.10204081982374191, 0.5415549874305725, 0.5, 0.1666666716337204, 0.17861409485340118]"
19_1457116_ex-1,"[-0.0017118453979492188, 0.5517578125, -0.0022373199462890625, 0.16650390625, 0.71484375]","[0.0, 0.5442359447479248, 0.0, 0.1666666716337204, 0.7072879076004028]"
162_2076402_pyba_298k,"[0.19873046875, 0.62939453125, 0.000888824462890625, 0.1556396484375, 0.30126953125]","[0.20408163964748383, 0.6380696892738342, 0.0, 0.1666666716337204, 0.280764639377594]"
73_1908802_hcof-3,"[0.1982421875, 0.6201171875, -0.00472259521484375, 0.1593017578125, 0.298583984375]","[0.20408163964748383, 0.6380696892738342, 0.0, 0.1666666716337204, 0.280764639377594]"
2222151260,"[-0.0111083984375, 0.5537109375, -0.0027408599853515625, 0.1646728515625, 0.70849609375]","[0.0, 0.5442359447479248, 0.0, 0.1666666716337204, 0.7072879076004028]"
294-3_5,"[0.10333251953125, 0.0266571044921875, 0.50634765625, 0.167724609375, 0.3974609375]","[0.10204081982374191, 0.026809651404619217, 0.5, 0.1666666716337204, 0.3906809985637665]"
160_2056896_tpe4benzoate,"[0.1060791015625, 0.5478515625, 0.50390625, 0.169677734375, 0.188232421875]","[0.10204081982374191, 0.5415549874305725, 0.5, 0.1666666716337204, 0.17861409485340118]"
2_g245tmbs,"[0.09722900390625, 0.54931640625, 0.5029296875, 0.1669921875, 0.179931640625]","[0.10204081982374191, 0.5415549874305725, 0.5, 0.1666666716337204, 0.17861409485340118]"
73_1908801_monomer2,"[0.2034912109375, 0.62060546875, 0.0008106231689453125, 0.1568603515625, 0.29150390625]","[0.20408163964748383, 0.6380696892738342, 0.0, 0.1666666716337204, 0.280764639377594]"
203[1lso42]tba4,"[0.513671875, 0.23046875, -0.01145172119140625, 0.1595458984375, 0.190185546875]","[0.5102040767669678, 0.24664878845214844, 0.0, 0.1666666716337204, 0.20131421089172363]"
182_ihof-3,"[0.0031566619873046875, 0.552734375, -0.0030078887939453125, 0.1650390625, 0.73095703125]","[0.0, 0.5442359447479248, 0.0, 0.1666666716337204, 0.7072879076004028]"
193-dap-hof-2,"[0.2249755859375, 0.5458984375, 0.5029296875, 0.1683349609375, 0.280517578125]","[0.26530611515045166, 0.5415549874305725, 0.5, 0.1666666716337204, 0.28554362058639526]"
310-hof-fju-52,"[0.2890625, 0.5458984375, 0.0035381317138671875, 0.1689453125, 0.85791015625]","[0.30612245202064514, 0.5442359447479248, 0.0, 0.1666666716337204, 0.8536439538002014]"
151-thiahat-1,"[0.0286712646484375, 0.5498046875, -0.0027484893798828125, 0.16650390625, 0.77490234375]","[0.040816325694322586, 0.5442359447479248, 0.0, 0.1666666716337204, 0.7855436205863953]"
45_1555043_1c,"[0.10650634765625, 0.5478515625, 0.50048828125, 0.1671142578125, 0.1917724609375]","[0.10204081982374191, 0.5415549874305725, 0.5, 0.1666666716337204, 0.17861409485340118]"
201-hof-fju-2acetone,"[0.177734375, 0.46142578125, 0.0004901885986328125, 0.1622314453125, 0.135009765625]","[0.18367347121238708, 0.4584450423717499, 0.0, 0.1666666716337204, 0.12843488156795502]"
37_1541096-xii,"[0.0977783203125, 0.02911376953125, 0.50439453125, 0.1697998046875, 0.39501953125]","[0.10204081982374191, 0.026809651404619217, 0.5, 0.1666666716337204, 0.3906809985637665]"
23_1424091_1_2d3,"[-0.004428863525390625, 0.5498046875, 0.00678253173828125, 0.1627197265625, 0.69921875]","[0.0, 0.5442359447479248, 0.0, 0.1666666716337204, 0.7072879076004028]"
87_1902589_tcpp-6dmf,"[-0.006145477294921875, 0.5546875, -0.0014896392822265625, 0.1669921875, 0.71435546875]","[0.0, 0.5442359447479248, 0.0, 0.1666666716337204, 0.7072879076004028]"
294-4_pyridine,"[0.345458984375, 0.341796875, -0.0006351470947265625, 0.176025390625, 0.488525390625]","[0.3469387888908386, 0.3458445072174072, 0.0, 0.1666666716337204, 0.4820788502693176]"
243-hof-fju-40,"[-0.0028858184814453125, 0.548828125, -0.00551605224609375, 0.1689453125, 0.7119140625]","[0.0, 0.5442359447479248, 0.0, 0.1666666716337204, 0.7072879076004028]"
149_1962983_bpmcz-p1,"[0.0016298294067382812, 0.5537109375, 0.0008754730224609375, 0.16455078125, 0.7197265625]","[0.0, 0.5442359447479248, 0.0, 0.1666666716337204, 0.7072879076004028]"
114-1686051-gd-b,"[0.0982666015625, 0.55029296875, 0.49462890625, 0.1710205078125, 0.1832275390625]","[0.10204081982374191, 0.5415549874305725, 0.5, 0.1666666716337204, 0.17861409485340118]"
84_1867927_1b,"[0.09979248046875, 0.54833984375, 0.499755859375, 0.1646728515625, 0.183837890625]","[0.10204081982374191, 0.5415549874305725, 0.5, 0.1666666716337204, 0.17861409485340118]"
2_g4tbbs02527,"[0.1033935546875, 0.54833984375, 0.501953125, 0.167236328125, 0.1846923828125]","[0.10204081982374191, 0.5415549874305725, 0.5, 0.1666666716337204, 0.17861409485340118]"
85_1888690_ecut-hof-30,"[-0.008148193359375, 0.552734375, -0.0020618438720703125, 0.1651611328125, 0.71142578125]","[0.0, 0.5442359447479248, 0.0, 0.1666666716337204, 0.7072879076004028]"
